<?xml version="1.0"?>
	<addon scheme="2.0">
		<id>pagamastarde</id>
		<name>Paga+Tarde</name>
		<copyright>GNU v3</copyright>
		<authorEmail>afatsini@digitalorigin.com</authorEmail>
		<version>1.0.0</version>
		<description>Paga+Tarde is a payment method that allows online shops to offer customers to buy with monthly installments.</description>
		<priority>1</priority>
		<dependencies></dependencies>
		<queries>
			<item for="install">
        INSERT INTO `?:payment_processors` (`processor_id`, `processor`, `processor_script`, `processor_template`, `admin_template`, `callback`, `type`) VALUES
        ('', 'Paga+Tarde', 'pagamastarde.php', 'views/orders/components/payments/cc_outside.tpl', 'pagamastarde.tpl', 'N', 'P')
			</item>
			<item for="uninstall">DELETE FROM ?:payment_processors WHERE processor = 'Paga+Tarde'</item>
		</queries>
	</addon>
